Image_ID,x,y,w,h
00309D7D,95,84,42,58
00380F21,61,97,76,85
003B27CF,76,97,51,83
008876A9,85,75,78,77
00C7A530,87,85,47,81
00D2330B,88,91,63,77
00F17176,42,89,78,98
00F68F84,85,85,53,69
013999E4,87,85,94,84
016117B7,87,85,72,84
01615902,82,85,60,84
0176A48A,82,99,51,81
01AFEB73,88,85,53,66
01BCAD69,87,98,53,86
01C8BEA0,76,97,51,86
01E25582,87,97,78,86
0209DE5C,85,85,53,46
023B106A,87,85,78,84
025B967E,87,98,48,80
0260F033,88,85,53,69
0290AEB7,90,85,72,84
02AC33F7,87,97,47,81
02AD14C3,97,85,34,77
02E33FFA,88,98,48,81
0307EFFC,94,67,61,60
0375AA8B,94,93,37,54
0380861A,88,98,37,75
0383C897,87,89,78,86
03CF2A95,79,85,72,84
03D45C7C,5,85,94,84
03F19EE1,82,89,46,59
04400E36,88,98,53,66
044AA7A8,42,89,78,86
0454B658,87,85,42,58
0461F61E,73,89,90,77
04FB1B33,87,97,47,81
05116E1E,87,98,53,86
054627DD,82,89,38,77
05B50F1A,87,99,51,77
05C3B07A,5,75,94,101
05D49666,87,85,78,84
05EDF063,97,85,36,81
06044C0B,94,98,37,40
0641B435,87,98,48,86
06493841,85,85,32,69
065AB0EB,73,89,90,77
068C94DD,85,89,90,77
068ECDC7,85,99,51,81
0698DA77,79,97,72,81
06B70F31,73,89,90,98
06F4BC11,88,98,42,66
06FAF39A,95,97,42,58
07095FBE,5,47,94,84
0727C107,61,85,94,84
072E3AFD,82,89,60,84
074F2019,85,99,51,83
0790285E,59,89,90,93
07A099A6,87,85,78,84
07B4F0E2,42,89,78,112
07B620E3,87,97,78,86
07BD2BB5,87,97,51,86
07D7659E,87,89,74,41
07E10706,94,95,36,78
080287D3,108,95,41,60
08140C5F,61,85,93,144
081749B1,73,89,90,112
081C9439,85,97,46,89
082EFA1B,95,98,37,58
083ACB7A,87,97,51,86
0886DE1A,87,97,78,86
08A66DEE,59,79,63,79
08BD051A,88,85,53,86
08C16611,85,98,37,83
08C8E445,87,67,61,60
08E665D7,88,97,48,77
09418F27,56,89,74,41
095E3774,87,89,74,86
09DD97AB,85,99,51,77
09E9A0CB,76,97,51,83
0A0ADA58,97,93,34,78
0A0D559F,87,47,94,101
0A2FE444,96,98,37,40
0A48C145,93,98,41,56
0A5075A6,85,84,51,76
0A70547B,37,89,78,112
0A9117FD,87,97,78,81
0AC97773,95,98,37,80
0B026B65,87,68,78,101
0B076F53,42,89,90,112
0B24FE21,87,99,78,86
0B271797,85,99,74,60
0B2AD637,87,97,51,86
0B2CA144,87,98,48,86
0B32F102,87,89,78,86
0B3E50E4,87,97,78,86
0B4929A8,42,89,78,112
0B4BD7E5,87,47,80,84
0B6378DA,62,89,78,98
0B6FB42A,76,97,51,86
0B7CC3E4,87,49,78,101
0BB34BE0,85,99,51,81
0BC8982B,85,99,47,81
0C26D00D,85,89,78,91
0C2A5299,5,51,94,84
0C602CFD,81,94,47,81
0C74D523,87,97,78,86
0CAB2CC0,82,89,60,59
0D08F047,85,84,36,69
0D0F1D17,85,89,90,77
0D3637C3,87,97,51,86
0DDC9239,62,100,93,84
0DE4DAFD,88,91,63,73
0DFDA948,61,61,84,114
0E1C8C38,96,125,61,60
0E250A75,87,89,78,77
0E6FABC9,87,47,94,84
0EB1D095,87,77,93,84
0EC1BC7D,96,91,63,64
0EC294FB,88,98,42,66
0ED7485D,85,99,51,81
0F3E4DFB,87,97,78,86
0F53C872,61,42,93,138
0F6834B4,98,85,53,78
0F8696DB,88,95,63,78
0F8CC6D1,76,99,51,86
0F9971F5,88,98,53,69
0FB88B75,87,85,47,81
0FBC629D,85,97,48,81
0FC03BC0,85,97,78,77
1003E97E,87,97,51,80
1009DCD9,70,89,60,84
10116831,61,42,93,144
101EF09B,87,84,51,80
10284BFC,88,112,53,66
1028FAD6,88,85,53,81
102B4CAA,88,85,53,76
103E7B3D,88,91,37,93
1046578D,88,97,78,101
105554E8,94,73,61,69
107707C5,87,89,78,86
10857DD6,88,98,37,56
108804B8,87,85,78,84
1096DB82,87,98,53,86
10AE3B4A,95,97,47,83
10B43F36,87,97,78,86
10B5858A,87,97,78,84
10CA4D5F,88,84,42,81
10D787DF,85,85,78,77
114E5948,85,97,51,83
119CD3FC,87,97,78,86
11A03506,88,98,53,86
11A3EE9C,87,97,78,77
11C79B4A,76,99,51,83
11DFABDA,87,89,78,86
120C6CAE,85,89,86,77
1216CA48,87,85,78,77
1230409D,52,89,78,112
12316396,87,89,74,86
123D7BB3,76,99,78,86
124D4882,96,91,33,79
127E9698,82,89,78,86
12B3872A,87,85,94,84
12BA1299,76,97,51,86
12BA80D2,42,89,90,112
12CE8653,98,85,53,81
12D3B54D,75,97,51,81
12E64A34,62,89,51,86
131A387A,87,89,78,86
13314D47,45,90,51,59
133557E3,76,98,51,86
136DEF2D,70,115,46,59
13866A5C,87,85,53,81
13877F3A,94,90,37,80
13AC40A4,42,89,78,112
13FE7C1C,61,85,94,84
1469411E,79,97,59,85
146C74D8,88,85,53,56
14841775,88,98,37,66
1484E921,88,84,53,77
14A79812,87,84,34,80
15360522,85,99,51,81
15403E05,87,89,78,101
1562E84D,70,47,84,101
15682678,46,89,90,95
15B0C9BA,87,99,51,81
15B46713,87,99,51,86
15BCF70C,76,99,78,77
15C8CD20,85,99,86,78
15CFEA53,61,61,84,101
15DFBD1C,5,47,94,84
160323CF,87,85,72,81
162535E0,87,85,78,86
164E0597,85,115,47,59
166487F4,76,98,46,40
16737641,87,97,78,81
1674884D,85,99,47,81
167CF208,88,85,59,66
16A5BC52,87,97,78,77
16A6F770,87,98,53,86
16DC3EEC,85,84,47,81
16EDD1AE,98,85,53,56
1710590D,42,89,78,112
17707016,87,97,51,81
179373F3,85,84,42,83
179BD8A7,87,85,36,69
17A64EF9,88,98,39,60
17E86C77,95,111,37,80
17F6EBC0,87,97,78,81
182ED19D,87,98,53,86
18617E15,94,95,34,78
187D768F,87,85,72,77
18A4725E,87,97,51,81
18A64E53,87,89,78,86
18B68067,88,98,53,66
18C995DF,96,98,46,60
190D35D4,88,119,42,56
191BAABC,94,98,37,54
194E9D58,42,89,90,112
195BC310,88,98,53,86
1963EC6A,87,89,78,77
1973C171,42,89,78,106
19A89AE6,42,89,78,112
19BC8A2A,87,85,72,77
1A1DCBC5,94,73,37,78
1A431493,75,97,51,93
1A4E5793,71,115,47,60
1A8530EB,72,91,46,93
1A8E1011,87,89,78,106
1A9EA7EC,87,75,60,84
1A9ECD53,88,85,53,69
1ABA1736,85,89,51,60
1AE6A4CD,5,51,94,84
1B18CEF7,85,97,51,81
1B1E599A,90,85,58,84
1B272161,88,89,86,77
1B395B9A,85,93,37,58
1B3CDCDF,97,85,36,69
1B50F2D0,87,97,72,81
1B5D456D,71,90,37,59
1B63E00A,76,99,51,83
1B9126A9,87,97,51,86
1BBA41BA,87,99,51,81
1C45EE64,88,98,53,77
1C70A1ED,76,97,51,86
1C7FCAAD,87,47,94,84
1CA46A1F,87,84,51,81
1CBCCA27,96,98,61,60
1CC475CD,82,89,78,59
1CD05D14,70,85,61,78
1CD7D5F2,82,89,78,82
1CECDB07,85,115,47,60
1CED1086,85,89,46,59
1D07E530,98,85,61,78
1D10F37D,85,85,53,81
1D20AED6,87,97,78,85
1D4437E6,87,85,94,84
1D54F2CB,88,79,63,79
1D6020B9,87,97,53,81
1D649559,87,97,78,85
1DA51562,88,119,59,66
1DBAD818,99,100,71,84
1E01F858,76,97,51,86
1E0DEBE1,85,99,47,81
1E83349A,97,93,34,69
1E9E94E9,87,98,53,86
1EE3CEAB,88,98,37,75
1EE895CC,63,115,47,59
1EEEAF38,87,97,51,86
1F03C109,87,89,78,86
1F33F1F4,85,85,53,81
1F79335B,87,99,51,59
1F83BECC,96,125,33,64
1F875195,5,47,94,84
1F910E96,88,98,53,66
1FBD7719,87,97,51,81
1FC4C7D5,88,85,53,69
200F27AC,87,118,48,81
20365507,88,98,53,86
203AED9F,87,93,36,69
205A9067,87,85,51,86
208B84EC,87,97,51,81
20C98AE7,73,89,90,112
20CDC518,95,98,42,66
20D2CE01,76,99,51,81
212B1A07,87,85,47,81
21386B21,94,86,37,54
21524553,42,97,78,86
217CFAAE,85,85,86,77
21945DFA,94,93,36,69
21CAF130,87,97,51,86
21CF1373,87,84,78,101
2200EA3A,88,85,53,86
223C3F4D,87,98,51,86
22561DCB,98,85,53,81
226E1D14,61,61,84,101
227C86BC,88,98,53,66
22BD7AAA,88,85,53,78
22E1F6ED,79,97,72,81
2302940F,97,93,34,80
230DFF08,85,85,53,81
234730A4,87,85,34,84
2396A0F0,42,89,78,112
23B4B83C,73,89,90,112
23CD810A,87,89,86,91
23D00BDD,82,89,78,59
23D54E0C,87,85,78,84
23D7F5B0,120,91,85,93
24804BDA,87,97,78,86
24872C4C,82,89,46,59
24C06A92,87,97,51,83
24D538AB,42,89,78,112
24D7A671,88,85,53,81
24DB5785,87,93,37,83
24ECF67D,93,98,37,75
24EF6BA7,88,85,53,57
24FC00B4,105,119,52,56
2514061B,85,99,51,81
254B21B4,87,85,53,86
2554336F,87,97,78,86
255D5830,87,107,80,84
256CFFDC,85,85,72,77
257C4CB8,87,97,51,86
2590DF08,95,97,47,81
25BD33C9,81,72,60,84
261BFD5C,76,99,51,86
261D6D22,95,98,37,83
26572E27,82,89,78,77
26746374,85,98,38,77
26A34A9C,85,98,48,65
26C328A6,81,95,34,79
272CCCCE,88,98,53,66
27477247,56,89,86,77
27903199,87,97,53,81
27BB17CB,87,85,72,81
27EDFA41,88,97,37,58
27FE12E6,88,98,37,63
280C520B,85,85,53,81
288A9C64,95,119,59,58
28C5A728,59,47,57,101
28D3B03E,42,89,78,112
28EC95AB,105,119,41,56
290448A1,42,89,78,95
293852ED,87,97,78,86
293F4108,88,85,78,77
2971CABD,98,85,53,81
29785033,88,91,48,66
2984C3D4,87,84,78,69
29994295,88,89,51,84
299EF351,42,89,78,112
29C078E4,88,85,86,77
2A24B9AE,88,85,53,56
2A524AE7,0,47,84,114
2AB7170E,76,89,51,86
2B35899C,82,89,78,84
2B7E5D7C,87,85,67,84
2B9EE9A5,95,97,42,58
2BC7335B,87,97,51,86
2BCA7DD7,87,97,78,84
2BEDB18D,85,84,48,77
2BF2AF5F,88,97,48,86
2C31F3A0,85,99,39,69
2C6422D5,87,97,48,86
2C685657,87,97,47,81
2C69DA59,87,85,94,84
2C99C5E2,85,97,39,81
2CD630B0,85,99,51,84
2CDB134A,88,98,48,75
2CE7296F,82,90,37,59
2CF5B603,82,89,51,59
2D392742,85,85,53,77
2D438A70,95,97,37,83
2D51B43B,88,79,63,77
2D69831D,82,99,51,91
2D7FE09B,75,97,51,80
2DE9B5C0,72,115,46,60
2DF37390,87,99,51,86
2DF693B3,94,90,37,54
2E0A1270,76,97,51,86
2E3449B1,95,97,37,54
2E41965C,87,97,51,83
2E48DB05,87,97,78,86
2E594EC8,85,85,53,81
2E9C4AE0,61,75,84,101
2EDD66A3,95,97,51,83
2EEE0802,61,51,94,84
2EFF8DF9,88,98,37,75
2F404C51,95,115,37,83
2F7A198A,87,89,78,112
2F7C31A8,5,51,93,144
2F89E39A,87,97,51,81
2FCC33FD,88,91,63,64
2FF31277,88,98,37,87
30072258,76,115,46,60
30225D43,96,94,61,75
30234FEB,85,85,53,81
304FF8E7,88,91,63,77
305757A8,87,85,72,84
3062CEB7,87,85,78,86
31069F98,42,89,78,41
3107F6C8,87,97,72,85
3116A54B,87,97,51,81
313AEDCA,85,97,47,81
319EDFB1,95,98,42,75
321613B0,85,89,51,89
323CB6BD,94,91,63,73
323EF52E,79,97,78,85
3244114E,98,85,53,69
325C73C8,61,100,94,84
32655645,98,85,53,78
327DA8D9,88,97,48,66
328585EE,42,89,90,77
328DE145,87,85,47,81
3290C440,95,119,37,56
32D0E4AF,93,96,37,60
32ECB578,61,85,93,85
331BB897,88,97,53,86
339A38E2,87,89,78,86
3400B7F4,85,89,78,77
340912C8,61,47,93,138
3442460E,88,85,53,66
345C1F15,45,89,46,59
345E1FA6,87,47,78,84
345EADA5,88,98,56,75
34667A89,87,85,53,69
347579BB,87,97,78,86
34832B98,85,98,47,58
348EF09C,62,77,93,86
349A8D59,62,97,78,86
350794DF,94,69,80,80
35A5528D,82,115,46,59
35B869C8,73,89,82,98
35F5529E,82,97,78,77
36415F2F,98,67,61,78
364215F4,87,97,51,86
36529F94,82,67,75,84
36A2E3DA,88,85,59,66
36AAD4E7,95,98,42,58
36AE9627,62,89,51,98
36B0A92B,76,97,51,86
36C8431E,76,99,51,81
36FB049C,88,91,37,50
3718CCB0,85,97,48,81
37537881,61,61,96,101
3774E27D,87,84,53,80
37A8ACBE,73,97,78,98
37ABCFD7,87,98,53,83
37B7ED24,59,79,63,88
37F127A2,87,97,78,81
37F652AE,87,85,36,69
37FFD4B1,82,90,46,93
380D13BE,76,97,51,89
383FC686,88,98,37,75
384CCA4C,88,84,53,77
387683D3,87,85,48,69
38B678B7,87,97,51,86
38CD67C0,88,98,59,66
38CEB027,87,85,36,84
38CF3E89,87,77,78,84
38E503A6,94,96,37,54
38F2DF54,72,89,61,84
38F85274,85,85,39,77
390CCF3B,42,89,90,112
390F7618,87,98,48,66
3916471A,73,97,78,101
3968C667,88,91,85,85
39E3E338,87,47,94,84
39E49293,88,85,53,69
39F322E6,87,97,51,83
39F99202,87,97,78,86
3A04887A,42,89,78,86
3A0C9540,90,44,94,101
3A4FD2A1,87,84,67,69
3A80F344,85,115,47,60
3A9EEC47,87,85,78,84
3AECAADE,87,89,78,86
3AF4CE60,85,85,53,77
3B08CDB1,95,97,42,58
3B0EF547,76,99,51,86
3B337CDE,56,47,96,101
3B3406BE,94,98,33,79
3B76E5E3,88,98,44,40
3BA2A18C,87,97,48,86
3C503B27,68,97,47,77
3C8431C3,87,85,47,83
3C8EEA70,87,97,51,86
3C8F44FD,87,68,78,101
3D42B555,5,51,94,84
3D68920B,82,89,78,86
3D6EC5C8,76,98,46,75
3D743146,97,86,34,78
3D9A7F1B,87,85,86,84
3DB241DF,87,112,53,54
3DCCEEB7,87,97,51,81
3DDC169F,85,99,86,84
3DEDFCEE,87,89,78,86
3E17E22B,105,98,53,66
3E6048CE,90,85,53,69
3EABDB36,95,98,37,54
3EF16ACA,87,97,78,86
3F0170A1,85,99,51,69
3F05A3F4,96,125,33,79
3F0C134C,85,99,47,81
3F60D3AC,70,73,61,79
3F66FC65,87,85,78,84
3F79F8B1,87,97,53,81
3F84B531,88,98,37,66
3F8BABF5,82,94,47,60
3F9CA5E2,42,89,78,86
3FB25EFF,87,97,51,83
3FE8D9D9,87,89,78,86
3FFB881C,95,97,51,86
402CCD11,105,119,41,56
404AFEBF,90,84,53,80
407D6F70,94,86,34,78
4085A438,85,85,39,69
410230B1,42,89,78,112
41393AB8,63,98,63,73
413DB768,76,97,51,83
41757A1A,87,89,78,86
41D28FD9,87,89,78,86
41F65E33,76,97,51,86
420975D8,90,98,34,73
420CC8A0,98,85,53,81
4222F575,71,115,46,59
4225564B,76,97,51,83
424FBE9B,85,97,51,83
42C0786A,97,67,61,78
42C5146C,87,87,74,80
42D6A563,5,51,94,84
43172D72,88,98,44,66
4333583F,87,97,51,86
4333651C,87,97,47,81
433F9EDA,88,84,63,70
436FE930,42,89,90,112
43AADC10,95,97,51,83
43BAC4FE,87,89,78,86
43CD917E,85,99,47,77
43E6907D,85,85,39,69
43F4BAD0,76,89,78,86
43F61FD1,97,85,34,77
43FF79EB,61,41,84,174
44440D96,88,98,53,80
446B852B,85,86,34,81
447B37DE,87,97,47,81
44AA6815,85,98,46,60
44B05B8B,95,97,51,83
44D4DA7C,85,97,48,81
44FCF867,87,97,51,86
451E5AAB,87,97,51,81
454D6DD3,95,97,47,81
458316BC,87,108,53,86
458D398C,95,119,37,58
4595A18E,73,97,82,98
45E32439,87,89,78,86
45F07021,87,97,51,86
45F9D6E1,85,85,53,78
4617C4A9,87,85,78,77
464C7C4C,95,97,37,83
465DC2F9,95,97,37,80
4661E536,85,85,86,84
466C832A,87,97,78,77
4699B17B,95,94,37,58
46BD51F7,61,47,94,84
46C0CD35,87,85,48,86
46C50897,88,98,44,66
46C7A06F,85,99,53,81
46F2DDF3,87,89,78,86
46FE324B,87,99,51,76
471AE32F,87,85,94,84
471C0C9E,87,85,53,86
481A4C59,87,84,51,80
4821281B,87,97,78,86
48385E4C,87,98,51,80
484F5962,87,85,72,77
48563D48,81,85,72,84
4863D911,87,85,78,86
48803006,87,85,78,84
48CD988B,95,97,37,83
48FE9D79,85,85,39,81
4915A329,62,97,78,86
491F1FE8,79,97,47,81
49210367,87,85,53,69
49552146,88,84,47,83
497EB58F,5,47,94,84
4983D9A3,88,95,61,60
499A622D,42,75,78,101
49CFAA7F,5,51,94,124
49DF7E62,87,97,47,81
4A15F40F,88,98,42,75
4A181AB2,88,98,38,69
4A976B89,88,85,53,69
4A9CC6AB,80,100,35,80
4AABEB59,87,85,72,77
4AADA757,0,61,136,114
4ADD88E1,87,77,78,86
4AF16614,88,97,48,86
4B3ABC42,73,89,90,112
4B5D2917,88,98,41,56
4B5DF62E,85,97,53,81
4B81F6B7,87,85,53,69
4BB61268,95,98,53,60
4BBFA623,87,85,78,84
4BDE647F,95,97,37,58
4BF554FD,88,84,53,78
4C116A0F,87,89,78,86
4C1CD725,95,119,37,54
4C528AA2,87,97,78,81
4C5FEAE9,97,86,34,84
4CBFE052,59,73,34,78
4CEC4D50,85,97,78,98
4D3CA0DC,81,85,72,84
4D5D63F1,88,98,37,40
4D6BB63F,88,85,53,81
4D8262AC,85,98,48,66
4DA0D7E0,87,85,53,81
4DC6BC83,95,98,37,40
4DFA8D16,87,77,78,86
4E1B0859,87,85,53,81
4E1F8043,85,85,47,81
4E211FBD,87,118,53,69
4E25E588,62,97,93,85
4E5F6238,87,85,78,84
4E7CF75B,85,97,48,81
4E8E37F2,98,90,47,81
4EC5C12D,87,89,74,41
4EF1319D,96,67,33,60
4EFBBC6B,79,97,78,85
4F36EF72,87,97,53,81
4F5F0154,87,85,36,69
4F61C9B6,87,68,80,101
5012A9DA,87,97,48,86
5018DBF4,76,99,51,86
5026FDA2,88,98,53,75
502CF07D,87,97,47,81
50443A61,88,93,42,57
5045C896,73,97,78,112
504E7490,88,91,63,88
5057CB2E,87,85,36,84
509B5C2E,85,97,51,77
50B8F2A5,5,47,94,84
50F03E04,87,97,51,80
50F9DBB4,85,85,53,81
513E04D1,87,85,53,81
51711982,85,97,48,81
5178E42F,87,98,53,86
519C31BC,88,95,41,78
51A97936,88,91,53,77
51ACD6F6,61,75,93,84
51BCE471,87,99,51,86
520D44D7,56,47,67,84
52193763,87,89,78,101
522A7A81,76,97,51,81
52371A46,61,97,94,85
527CD260,96,115,33,60
52825C15,52,89,78,112
528DAAFC,87,77,78,95
529658C3,85,89,78,81
52A0D954,87,98,78,86
52D5DD9D,52,89,78,112
52EF8628,88,85,53,78
530BD155,87,84,78,101
533A630B,88,98,37,66
5391DF72,85,98,46,60
53C5B323,87,99,51,86
53DBD9AD,87,85,94,84
53FAC2BB,76,99,51,81
53FEAF96,97,86,34,101
54093ABB,88,98,38,60
54295C88,94,98,37,79
5430597D,42,89,78,112
54792145,87,97,78,85
547E7FF2,62,97,51,85
549EE32D,85,89,46,75
54CDF849,88,98,37,75
54F47C4A,97,85,58,78
5504B85A,85,98,42,83
55262F75,85,94,47,60
552D5AF7,85,96,47,78
5558D6A1,87,98,78,86
5563EEBE,87,112,53,81
558036F6,87,85,53,69
55B0D23B,42,89,90,112
55F43CA2,46,89,90,101
55F99806,87,85,94,84
561327A8,81,86,34,78
56185DA7,87,97,78,86
5676AA24,95,98,37,80
5698FFF7,87,85,72,84
56A81ECB,88,91,37,40
56C8941A,85,85,53,81
56D19D87,87,97,51,86
5704648A,87,97,78,86
5721F61E,87,89,78,86
5732F531,42,89,78,101
57427F1B,88,85,53,81
575B15C7,87,85,78,84
57824C0F,88,98,53,86
578A17FB,85,115,47,60
57B39A9D,42,89,78,112
57C8BA59,85,99,51,81
57D0963E,85,118,42,58
57D8EFF7,88,85,53,78
57DEA6A5,87,99,78,81
57ECBCB6,87,94,36,54
5806A175,85,98,53,58
588D71DD,76,89,51,86
58AE1466,85,84,53,69
58BEBA5F,95,97,42,81
58DA5B0C,87,89,78,86
58F19C1E,98,93,41,56
59115FE2,87,89,78,86
59264EBF,87,75,78,101
593BF48F,87,89,78,86
59571CE5,87,98,38,86
59A725E1,87,98,51,86
59F57EF2,85,85,53,81
5A374E30,85,85,53,81
5A63FD0E,79,97,72,85
5A9C8DCF,85,97,47,56
5A9D5435,70,72,67,84
5AB137D5,87,98,78,101
5B0A8D03,96,90,33,59
5B28C326,87,85,78,84
5B39340B,95,97,37,58
5B69004C,42,89,78,112
5B6FCEBD,42,89,78,112
5B7CBD42,88,89,64,86
5BA84212,87,89,78,101
5BB9D8A4,73,99,78,86
5BBABE3D,88,89,46,60
5BE831AD,93,115,47,60
5BEAAECC,87,89,78,86
5C1BABE7,95,97,51,83
5C359DA1,70,79,62,79
5C8D4687,76,99,51,86
5C9CC94B,76,99,51,91
5CC4F84E,87,97,48,86
5CCFC40E,88,97,37,83
5CDCF1A5,76,97,51,83
5CE52D04,97,111,34,101
5D02A4E6,90,68,58,101
5D069923,87,89,78,86
5D4A7A02,95,97,37,83
5DB4ED87,82,89,51,86
5DC3C252,87,98,78,86
5DE4E9FA,98,85,53,56
5DF01EA4,87,97,51,86
5E12AD67,88,98,63,64
5E145AC9,88,84,53,69
5E168977,85,97,47,81
5E179E1D,62,97,78,85
5E492B7F,76,97,51,83
5E566EE4,87,97,78,86
5EA1552D,87,98,53,86
5ECA54F4,87,85,78,77
5EDC1E40,88,98,53,66
5F0AEB90,87,85,78,84
5F1ECEAE,85,89,86,84
5F392256,87,85,53,69
5F902B61,85,85,53,69
5FA8B56E,42,89,78,101
5FAFA97B,94,98,33,79
5FD8683C,85,97,51,83
5FDECB9F,42,89,78,95
5FE5C0D0,88,98,53,66
608156F7,79,97,78,77
608BE568,87,85,78,86
60B48231,76,97,51,86
60CC8AF5,85,85,47,81
60DDF5E7,42,89,78,86
60E1C18A,91,94,47,60
60E72C7E,42,89,78,86
614D8D8A,96,79,33,64
6167E8B3,85,85,53,77
617F00E3,76,89,51,86
61E98DEE,87,85,84,84
61F4D290,96,98,46,40
61FCC126,95,97,51,83
6206899E,87,89,78,86
6226584D,93,115,37,60
6247D32A,96,125,33,79
624E341D,42,89,78,86
6257B821,76,97,51,86
626023C4,88,98,53,56
62813276,88,98,46,66
62958DCC,88,98,46,75
62BECC7D,91,98,61,75
62F04BBF,85,98,48,86
6308A2A0,95,97,37,83
6334098B,98,98,53,78
636D3327,96,125,30,64
63935E8D,87,99,51,59
63AA0256,88,84,42,58
6404737D,85,85,39,81
6411A5CA,85,85,53,81
6413A56C,87,97,78,86
64434A05,62,97,93,85
64A29A6F,85,97,37,89
64B2A905,73,89,78,86
64D802AD,85,98,53,69
64E033B8,88,75,84,101
64F29B74,85,85,53,78
65335200,87,98,53,86
65436876,95,119,37,58
6546259F,88,97,42,81
655993B5,68,91,85,88
655E1CEA,5,51,94,84
657D6A8D,5,51,94,84
659B8876,85,85,78,77
65B71C49,81,94,61,78
65E87192,87,97,78,77
65EF04EC,113,85,41,46
660D44BF,73,89,90,77
662EEF28,85,97,47,81
66838E0F,95,97,37,58
66840CCC,73,99,51,86
66E5C794,62,75,93,84
66FBB2FF,88,98,37,75
6713EAAF,95,98,42,58
678A0DB3,88,97,47,58
67B60293,85,99,47,69
67CFF9EA,76,97,51,83
680F5BEF,96,67,33,79
682A15B4,87,97,78,85
68B485C3,87,97,78,84
68BA8316,61,51,94,138
6904B58B,42,89,78,112
6910A9D2,87,97,51,81
6926E1B1,85,99,39,84
695C443B,88,119,37,58
697C8787,76,97,51,83
699D7428,87,89,78,86
699DD163,85,89,86,77
69C58A4A,85,99,39,81
69CF7BBF,85,93,47,56
6A409671,90,85,85,101
6A97F73E,88,85,53,66
6A983B2F,87,89,51,86
6AA93818,88,85,82,77
6B0C8D99,88,119,37,75
6B2ECEFE,87,89,78,86
6B764261,62,97,78,86
6B8E2ED0,73,97,78,112
6B97F404,87,89,78,86
6BA35AD4,87,85,53,81
6BC219B3,61,47,84,114
6BC51BA3,85,90,37,89
6BF55E58,87,89,78,112
6C07DF68,85,97,47,81
6C1E34B4,88,85,53,81
6C3E88FC,85,99,39,81
6C664B36,88,85,53,81
6C81604C,85,97,42,58
6CB2C82F,76,89,51,59
6CC70C45,82,99,53,60
6CCA33BC,42,89,78,86
6D4F4A2B,95,98,37,66
6D7D36A4,95,97,48,86
6DD3ADD5,72,96,37,60
6DD8E3DE,88,85,86,77
6DE171C8,42,89,78,86
6E89F356,42,89,78,112
6E92D4EF,95,98,53,54
6EDACDED,73,89,90,112
6EDCBECD,87,97,53,81
6EED856E,81,47,94,84
6EF94450,87,98,48,86
6F23659E,87,89,78,86
6F57BEE3,76,99,51,81
6F705AFA,85,85,53,77
6F88DA6A,90,85,36,81
6F8BF33A,85,90,47,77
6F99D028,85,97,78,76
6F9EE77B,73,97,78,86
6FC7B555,61,47,84,101
6FE94F05,61,47,84,101
6FF4C0F1,87,75,78,84
6FF8FCEF,88,98,61,60
7076D19A,87,108,48,86
70775B38,87,97,78,85
7077D642,96,98,46,75
70BA4109,75,69,80,101
714967A4,85,84,47,81
718A826C,88,112,42,58
719E14F5,87,97,78,81
71BA1685,87,97,78,81
7257CF6C,88,98,53,86
72673209,105,119,41,56
729BBDF4,85,97,53,81
72A118D0,87,97,78,86
72A7D5C1,88,85,53,69
72BBBB4D,75,69,80,93
72BFFA57,87,84,51,81
72DB0A23,85,99,86,60
72FF6032,87,99,51,83
731D83E4,98,85,39,81
731E7050,88,91,63,73
73210121,87,85,36,81
73340697,105,119,41,66
736EDDD5,95,119,37,58
73B0AFC4,87,89,78,112
73C4649A,95,97,37,58
73C92CDE,87,97,78,81
73F80C58,5,51,94,84
740E91EF,87,85,72,84
745B68A6,88,84,53,76
7463392A,95,97,37,58
74E6CBD5,88,112,59,58
74F3AE65,88,84,53,56
755E0F46,85,99,47,60
7566A78E,85,84,53,69
75850123,76,99,51,83
758E95C9,85,97,48,81
75A6B048,85,85,53,77
75BA5A4B,76,99,51,81
75C730F9,85,89,86,77
75DE0514,87,97,78,86
75DF976A,88,91,46,85
75FD9103,85,97,37,83
7608BB90,85,85,53,69
760BC273,79,97,72,81
7613B9CB,42,89,78,86
7619555D,88,115,47,60
76369C69,85,89,86,77
7640310D,88,98,37,66
765B96CD,56,47,57,84
7684B64E,88,98,59,66
768D45A5,87,85,53,86
768EFC27,95,97,51,83
769A3419,5,47,94,101
769D2750,88,98,37,66
76EE6626,70,89,39,77
76F4184D,96,98,46,40
77195094,85,99,51,86
771D69A8,108,119,41,56
7738D04E,85,98,47,40
7749880F,88,119,59,66
775AD57E,87,97,78,86
776FB83F,87,97,51,81
77C4BB6B,95,98,37,60
780FB6A5,88,98,53,77
783DC8B7,91,98,61,60
788A6AC8,76,99,51,81
78ACE9DA,82,97,51,83
78C06885,85,85,53,81
78D30FDD,95,97,51,83
78FA729C,90,85,57,79
791487A4,82,89,78,86
794EF636,61,61,84,138
7951D07E,76,97,51,83
79761E79,87,108,53,86
79B2ABD8,82,97,78,60
79BD0712,17,85,94,85
79C96F22,75,97,51,83
79C97AC3,88,84,53,86
79E19B34,73,89,84,101
79E88A8C,96,90,33,59
7A1B9764,59,79,131,93
7A4853E0,95,98,42,86
7A4F060A,88,85,53,77
7A778A54,85,89,48,86
7A8C4C8D,76,97,51,86
7A8D69D4,85,97,47,81
7A9D8AD5,88,98,46,75
7AA90E9E,61,85,76,84
7AAB9CCC,76,97,78,86
7AD0CE37,61,75,78,101
7AD27826,73,89,51,112
7AE00F17,85,97,48,81
7B78E337,76,99,51,83
7BA4B9CB,88,98,37,66
7BFEFC98,87,97,48,86
7C0BE3DD,87,85,72,84
7C1D57EB,88,85,53,77
7C457B4C,87,89,78,86
7C6977E8,87,97,53,81
7C74848E,87,85,61,60
7CB75AA1,87,97,47,81
7CEF5B3D,88,85,53,69
7D2933FC,87,99,51,81
7D4EB871,88,85,53,77
7D4EEEC0,94,91,37,93
7D7CF91A,87,97,39,81
7DAAD9D8,87,97,78,84
7DC2F3DE,95,85,42,56
7DDC2E3E,85,85,53,81
7DF94DBF,95,97,37,83
7E235EAB,95,98,46,40
7F0A3567,71,67,46,60
7F563AF3,34,79,63,88
7F6193BA,87,89,78,86
7F829A59,88,84,41,80
7FA27DA8,42,89,78,86
7FCE09E5,87,89,78,86
7FEFA8E5,85,99,53,81
7FF4C9A4,73,89,90,101
7FF8826B,95,97,37,83
80171487,85,99,47,81
802FBDA9,76,97,51,83
807C2B90,87,86,51,80
807D0F4A,42,89,78,112
80818030,17,97,93,85
80E059CF,87,98,48,86
810DE043,94,85,53,78
811C0F22,105,85,53,56
81531D97,42,89,90,98
81997228,78,94,36,83
819D5228,88,84,63,77
81B7CD6B,5,47,84,84
81CE26B9,88,97,48,86
81CE5229,87,85,78,86
81D48A02,87,97,78,86
81FB7F74,87,89,78,112
820A93D1,88,98,37,66
821788B4,87,89,78,86
823638DD,85,97,53,81
826E8D49,82,89,78,86
827A3490,42,89,90,101
82AF6517,76,97,51,86
82B9EF7B,88,98,41,56
82CB3E3A,96,98,46,40
83273504,76,97,51,86
832AEBF7,82,89,51,59
834A7A1C,95,98,37,40
8388FA4A,87,98,78,86
83B8F99D,56,47,80,101
83C439F2,68,68,85,101
83D41119,87,97,48,86
840E0FD4,97,85,36,78
8429E680,87,97,93,144
8445F765,87,85,36,84
846134F3,85,85,53,81
8465CDCA,42,89,78,112
847BF435,85,85,86,77
8498E2BE,87,85,72,81
84A6B1D5,85,99,47,69
84E956C9,87,99,78,81
84F86E8C,85,69,80,101
8547B7EB,76,97,51,86
85842117,85,97,53,86
85A726C7,85,89,53,91
85ACB03A,87,85,78,84
85AD507D,42,89,78,112
85FCDEE8,76,99,51,83
8629B0A4,87,85,53,81
862D35DF,76,99,51,86
86379908,76,97,51,86
8646DEFC,61,47,84,85
866DDC6E,88,98,41,66
867B6B1C,72,98,46,91
8688AC20,87,98,48,86
86AF26DD,98,95,53,78
86D3C289,71,67,61,60
87370798,88,95,33,60
874669EC,87,75,78,84
875C064F,87,89,78,86
875C19F4,95,97,42,58
875DD04B,62,97,93,85
875EFBC9,87,97,78,84
876CD302,95,98,37,56
87878214,85,85,47,81
87AB4178,75,97,71,85
87C91BE1,42,89,78,112
88076AB8,87,97,72,81
881C9C31,71,115,37,59
88457777,42,97,78,86
88485C6E,76,89,51,112
88578392,95,119,37,58
88830576,87,97,51,81
888EA9B7,76,97,51,83
888F7FF4,87,97,47,81
88FC3BC4,95,97,37,83
88FEF622,87,75,78,84
8916AC58,87,99,78,84
891C022B,95,115,47,60
893ED7C9,87,97,78,86
894A624C,88,98,42,54
895370F8,95,97,42,58
896C3367,70,115,61,60
896DD981,63,91,63,93
8998208D,85,97,78,77
899B6B9D,87,97,78,86
89EC7D92,88,98,48,66
8A3A6CCF,105,98,37,66
8AC80DF4,88,99,39,81
8AE64549,61,61,84,101
8AEE18D5,85,99,47,81
8B55654D,61,61,84,138
8B5E764B,87,89,78,86
8B657522,73,89,78,101
8B8270CC,87,97,51,86
8B919204,88,97,37,83
8BC73885,88,85,53,81
8BE90866,85,97,47,81
8BEC4C59,94,95,61,60
8C3BB197,88,98,53,66
8C3D15A1,87,99,51,76
8CB3453D,62,97,72,85
8CB5AF95,87,97,51,81
8CBC4B3B,95,97,51,83
8CD48796,87,89,74,86
8CFDE8A5,5,47,94,101
8D15418B,88,119,59,56
8D1793D0,87,89,74,86
8D2BB88B,87,97,51,86
8D35B0F2,95,97,37,58
8D3AD910,85,99,51,83
8D4A9B52,87,85,60,84
8D5FB8A0,94,90,33,59
8D783BF8,98,95,61,77
8D87431C,34,61,84,101
8DB19DE8,63,98,61,60
8DB8926B,88,98,48,66
8E091A6F,82,97,60,81
8E0F1E47,62,86,78,84
8E3FDE13,85,99,47,81
8E4605E6,85,85,78,77
8E64D4B7,95,119,42,58
8EE9A1F6,42,89,78,112
8EFE281D,88,85,53,69
8EFEF842,85,89,51,89
8F2B12C9,75,97,51,83
8F2EBF0F,95,119,42,56
8F3C77EA,85,99,51,81
8F46E061,87,89,78,86
8F48BBE4,45,75,94,84
8F4DFA8C,95,119,42,58
8F5628E6,87,85,59,75
8F6F894A,87,97,78,77
8F98C405,85,93,47,69
8FA50054,88,85,53,69
8FBEA94C,96,67,61,75
8FD27484,95,98,37,75
8FDA598F,61,85,84,101
8FED0D12,70,89,61,84
8FF5B599,85,85,86,77
8FFE67B5,87,97,51,86
901976FF,87,118,53,81
90861BD2,87,89,78,84
908F0A1C,72,91,46,93
90AEB823,88,98,46,40
90B25E25,87,97,78,86
90BFEF30,90,84,52,80
90C9EAE8,85,97,39,81
90D469BF,88,95,53,78
91009A03,87,85,72,84
9134F66A,5,51,94,124
91509E94,87,89,78,86
915B2DAA,97,93,34,78
918E18F8,105,98,41,66
9199F121,82,89,78,82
91CE5055,87,83,37,59
91D49144,81,94,61,60
91E34EED,87,97,72,81
91E8D0BF,81,85,62,79
91FE5891,42,89,78,112
92299E39,87,93,37,54
92409F1A,85,97,39,81
924C745C,94,95,61,78
9255788C,85,99,53,76
927C6013,62,89,78,86
928C8BE0,42,99,78,86
92ACFA0F,87,47,94,84
92CDC2FD,85,97,51,81
92D823B0,88,98,53,83
92D9D818,87,77,78,86
931CE08C,88,98,48,66
933ED341,87,85,51,81
933F859F,73,89,78,98
935F461A,42,89,90,112
9362F0D5,96,115,33,60
936419FC,98,94,41,56
93726AB9,95,97,42,58
937B8098,87,97,78,86
93A49F0F,42,89,78,112
93BEA781,72,115,46,60
93E4E4CD,85,98,63,77
941CDA75,72,89,46,60
9431AB66,87,97,78,101
943D4FA7,85,99,51,81
944A19B5,87,97,60,85
946ACFA7,87,97,51,86
948C2466,71,99,61,60
94ACB84D,88,85,32,69
94BF853C,71,115,37,60
94C8B161,52,89,51,98
94D3313A,87,89,78,86
94DD5337,5,85,72,84
956688BC,76,97,51,86
95752F7F,85,84,39,77
95811221,95,97,42,58
9589E645,42,75,84,101
95C64743,88,98,42,66
95E8A4A9,85,97,53,81
95FE00DA,75,69,80,101
9601463B,85,98,53,69
960E9718,85,99,51,81
963CA5BD,88,98,53,86
96445172,85,89,86,77
964B1BBB,5,61,84,138
967EE875,87,89,78,86
96985DED,87,97,78,86
96B64C97,87,85,78,81
96CE736E,87,85,53,86
9714F0BE,85,115,47,60
972B86E0,88,98,41,66
974873B6,5,47,94,84
978381D9,42,89,78,101
978CE9FB,95,110,37,58
979BA305,85,85,53,77
97A43E31,98,95,61,78
97B8889F,62,89,78,98
97C811ED,52,89,90,86
97E4B9FF,76,89,51,86
97EB229A,85,85,78,77
97F8F983,85,85,53,81
98237C8E,85,89,86,77
983E703B,88,85,53,69
9873CA05,87,84,53,69
98A4B666,87,99,80,84
98A9E024,85,99,51,89
98C01B0F,76,97,78,86
98D7E09C,76,89,51,86
98F28C19,87,99,51,83
98F5527D,88,98,42,66
990A5D79,88,98,59,66
9912F421,95,97,51,83
9953F529,76,97,51,86
997C4CE9,95,119,59,58
99DB2AD9,17,42,93,84
99DF71C9,85,85,47,77
99E9A804,96,91,63,79
99F314C1,87,97,78,81
9A05E1FB,61,47,96,101
9A269BDD,85,85,53,81
9A27639C,88,98,63,64
9A35C300,87,85,53,81
9A39ABAB,87,98,53,86
9A6C5157,42,89,78,112
9A840F5F,76,97,51,83
9AC788F6,87,75,80,101
9AD99799,85,85,53,77
9AFC97C8,87,97,72,85
9B2DC94E,87,75,93,84
9B374D5B,97,85,36,78
9B6ADE47,87,85,78,86
9B84D8B9,76,89,51,86
9BE4E095,85,99,78,81
9C1D3695,87,98,53,86
9C2BCFF4,85,89,46,60
9C384598,76,97,51,86
9C3DF89A,98,85,53,69
9C527060,94,90,34,78
9C56AC8C,85,85,53,81
9CA35CC5,82,85,78,69
9CC29F3D,79,85,53,83
9CE20A9C,88,96,37,75
9CEC6A0B,5,51,94,84
9D1F841B,87,97,78,101
9D248BE4,87,85,72,81
9D2BB20E,93,115,37,59
9D3A22E8,87,97,51,86
9D668D45,85,99,86,77
9D91998A,87,97,78,86
9DDCC350,85,98,48,91
9E148E59,17,85,93,85
9E202064,85,99,47,78
9E401646,87,84,53,69
9E45F484,87,85,51,86
9E9BA012,85,99,86,77
9EAD9589,95,98,37,54
9EC9DEC9,87,99,51,81
9F0DE5FD,73,97,78,85
9F5045D2,85,97,39,83
9F635D0C,87,89,78,86
9FA6CAED,85,97,51,86
9FC8A2BD,97,67,34,78
9FE7E958,88,89,90,77
A005FDAF,85,99,53,81
A01A955C,87,98,37,54
A06DDD0B,88,84,78,77
A078B0EE,95,97,51,83
A08AB06F,46,61,84,101
A08D1BE9,82,92,47,84
A0B89ABF,42,89,78,101
A0D50B82,87,89,78,86
A0DD3371,95,97,51,80
A15F1C40,82,89,78,80
A180F8F6,42,89,78,112
A198AD9B,87,99,51,69
A19ACBB3,88,98,59,66
A19DF789,97,85,34,78
A1A0E594,88,98,53,66
A1DC0B51,87,89,74,41
A1FCF58E,81,85,34,78
A209E2F6,73,89,90,101
A213660C,85,95,63,78
A23D1C53,5,85,94,84
A2486D60,88,87,37,83
A2504759,88,97,42,81
A2537B81,87,89,51,91
A26C0521,82,99,51,59
A27B6EA3,76,89,51,86
A2833C30,72,91,46,89
A286EF9A,87,85,94,84
A3642EB7,88,97,53,86
A37AB9C9,85,99,39,77
A3D2930F,61,61,84,138
A3EEE0EB,87,97,78,86
A403F5FC,87,85,53,69
A41F9BDB,5,51,94,84
A45725DD,87,86,80,101
A47CD8FB,88,97,53,86
A504E106,79,85,72,81
A51C6C9D,85,85,53,81
A522801E,76,99,51,86
A56740F5,62,97,93,85
A5E4FB76,63,98,46,40
A607B663,75,69,80,80
A60AC90B,42,89,51,86
A60F90CE,88,84,63,66
A610D77C,85,97,53,81
A6313BAB,88,98,63,66
A64941A2,88,85,53,69
A6503EE8,82,97,47,60
A65F47D9,87,85,53,69
A6632CD4,87,97,51,86
A6C7ED93,87,108,53,86
A72564E8,62,97,78,86
A729EBBF,97,93,34,78
A742053B,56,85,86,77
A759F482,42,89,78,112
A76651FA,88,98,47,60
A7887041,88,84,35,69
A79140B3,88,98,48,66
A79C178A,88,97,63,89
A79FE48B,42,89,78,112
A7A6AAB5,96,67,61,79
A7F23A28,59,61,84,114
A81885C6,62,77,78,86
A8198D3E,85,115,47,60
A823564F,82,90,47,60
A8487D43,96,90,46,59
A869E15C,105,119,59,66
A8934ACC,88,97,53,80
A90F2EC7,87,98,78,86
A91316FD,82,89,51,59
A94BA02F,42,89,78,112
A96A12A2,85,99,51,81
A97A739F,76,99,51,86
A9FA756B,96,98,46,40
A9FCE7DB,56,89,86,47
AA1B8385,76,97,78,86
AA1E4D6C,88,98,48,66
AA36AB35,76,89,51,89
AA39E182,96,125,33,64
AABD3A47,85,97,51,86
AABDCA94,42,89,78,86
AAD6272A,82,89,78,86
AAD90CB0,97,84,34,80
AADE75CB,85,97,51,76
AAF53717,87,85,36,81
AB0A7F73,62,85,93,85
AB0BDF55,5,47,84,101
AB270CEC,87,68,80,80
AB4F2B65,87,97,94,85
AB6C3E94,87,97,51,81
ABB224B1,88,119,59,66
ABDEA70F,87,85,94,84
AC2BD78D,87,98,48,86
AC7082BA,42,89,78,112
AC7117EE,62,97,51,86
AC7EB27E,85,85,53,81
AC942E95,85,118,47,60
ACA6E7FD,85,99,78,81
ACD4C682,95,97,37,58
ACD72BD7,42,75,78,101
ACDC5125,76,97,51,83
AD103A15,5,47,94,84
AD18625B,87,85,80,84
AD30E9B2,5,85,94,85
AD5AA9B5,87,98,74,86
AD74AA01,88,98,59,66
AD85DFD4,85,89,90,77
AD9FCD41,95,97,51,83
ADCA8A1D,87,97,47,81
AE007E11,88,98,53,66
AE119A19,98,85,36,63
AE5F4242,87,85,78,86
AE74771B,75,69,80,80
AEAD8E79,87,97,78,86
AEAE09FC,87,118,53,60
AEBEA960,61,61,84,101
AF3652CD,87,89,78,86
AF66193A,87,97,51,86
AF6A54D0,87,99,51,86
AF6D8D0D,76,99,51,86
AF74B879,87,49,80,80
AF75DEFC,42,47,93,101
AFBB7A02,82,89,78,91
AFFC07C0,85,99,86,77
B039AC45,87,87,51,86
B04A7438,61,85,94,84
B04E481E,97,85,34,69
B195B030,94,93,37,54
B19BFE2B,73,97,78,77
B2485703,87,98,53,86
B28E19DC,87,97,78,85
B29A6B5A,82,85,78,77
B2D70AAF,94,86,37,79
B2EDC52B,87,98,51,86
B2F41591,87,98,48,86
B3722282,76,97,51,86
B38B49E1,94,93,37,59
B391129B,88,98,53,66
B3A871E7,87,85,80,84
B3BD9E00,42,97,90,95
B3C357BC,87,89,78,86
B3E6AACC,88,98,59,66
B3EF1219,87,77,78,86
B42615F1,94,68,78,101
B42ECD0F,75,97,51,83
B462BB6E,56,47,84,101
B49734C7,87,89,78,86
B4982B53,88,91,63,66
B4ABD9A9,76,97,51,81
B4C126F2,95,98,46,40
B4D62501,95,98,37,66
B4E8A491,97,85,53,81
B4F808DE,85,85,60,84
B503EEFF,76,97,51,83
B5207A79,87,87,78,86
B545F26B,87,97,51,86
B545FC68,72,98,46,59
B574C2C9,95,97,51,83
B5893444,87,77,78,84
B5D8DCD7,79,97,72,81
B5DC5188,87,97,78,86
B62AD85C,88,98,53,66
B6638675,85,84,47,81
B6A55941,94,91,63,73
B6C82E5E,61,41,84,138
B6EA4283,88,98,53,69
B6F199C5,87,98,48,86
B70CBCBA,87,97,78,86
B71E47BC,97,68,96,101
B758B843,88,98,37,54
B7847C7B,88,85,53,86
B7B1560F,87,86,51,84
B7BFEE84,87,97,51,86
B7C7E892,87,98,53,86
B8271E71,71,99,47,81
B8286860,87,97,78,86
B88CA671,85,99,51,81
B8FF7799,87,85,72,84
B9101623,87,97,39,83
B92AE8B2,87,89,78,80
B94B1893,87,85,78,84
B979B915,88,98,41,66
B9A2EDF2,87,118,51,86
BA14CBFD,87,89,78,86
BA484FD6,85,97,47,83
BA576A3A,85,97,47,81
BA5C268D,87,89,78,86
BA5CBF2B,85,85,53,77
BA6D2247,87,85,78,77
BA75D17B,94,91,33,79
BA9896A0,81,85,47,81
BAA91CAD,76,97,51,86
BAB0BC17,76,97,78,86
BACF93EE,90,84,36,69
BACFA929,87,97,78,77
BAE78D89,82,99,53,81
BAF1F427,82,89,78,59
BAFB5BF6,87,97,78,86
BB0EC309,96,115,33,60
BB2A8043,42,89,78,81
BB4B6E51,98,85,53,46
BB5686B4,87,97,51,86
BB6ADC65,42,89,78,106
BB709F9F,88,84,42,81
BB77572A,87,97,51,81
BB7A8B69,96,98,38,60
BBB407DD,97,85,34,77
BBCF40C8,88,98,37,75
BC0A68E9,87,97,78,86
BC0F2A74,62,97,78,86
BC121837,82,89,74,41
BC14D911,87,97,53,81
BC1B525D,87,85,53,81
BC465449,5,51,94,84
BC97CBC3,113,95,86,78
BCAEE9AD,85,99,78,77
BCB00DF7,82,89,86,59
BCBACCE8,85,97,37,83
BCBB47D5,61,85,76,84
BCCAF590,88,79,63,47
BCD586EB,88,98,59,66
BCDC46BA,87,85,94,84
BD3273BF,87,99,51,81
BD5B0D6C,85,97,39,77
BD663B19,93,119,41,56
BDAEA3E3,87,97,51,81
BDF8D43A,95,119,37,58
BE183F0C,87,97,48,86
BE6F8E77,98,85,53,69
BEA5C910,73,89,90,112
BEB6920C,85,99,47,81
BEC63BED,42,75,84,101
BEC8D47E,96,98,61,75
BEE49B92,98,85,53,66
BF19F6C4,88,85,53,81
BF1CE200,81,85,58,84
BF50F4EC,87,85,94,84
BF520C3D,88,85,53,78
BF73D855,87,85,72,84
BF745478,85,89,47,69
BF8CEA13,87,84,78,76
BFC0CE96,87,85,78,86
BFDC65CD,87,77,78,86
C0152F19,120,68,80,101
C01B3EC7,98,85,36,81
C02013AE,95,97,37,83
C0265EA6,85,97,82,85
C03B67DE,61,51,93,124
C0688597,85,97,47,81
C07F359F,87,97,78,112
C0936D91,76,89,78,86
C09E25FD,95,119,37,58
C0B6F5D1,87,97,53,86
C0BB8329,73,91,46,85
C0F21936,87,98,48,75
C11E4C2E,76,97,51,86
C137A8E5,87,97,78,81
C14C2D34,61,61,84,101
C162681B,88,98,53,66
C16F51F5,85,99,78,77
C1758763,95,110,37,58
C1928560,93,98,37,93
C19CB0B0,85,85,53,69
C1A5F131,88,85,53,69
C1F09C4B,87,89,51,84
C1FD59B0,95,93,32,56
C2175F75,87,98,48,86
C23A648D,88,98,47,66
C271D820,88,91,44,66
C2931BBC,88,85,53,76
C2ADBE12,85,85,53,69
C2BDF256,95,97,37,58
C2C48965,87,97,78,85
C2D02E9B,95,97,37,83
C2D507A7,88,98,37,66
C2E45610,87,97,78,86
C302D632,87,98,78,86
C320C765,94,79,63,79
C33A9BEE,76,97,51,83
C34BE0FD,76,97,51,83
C34EFCF0,88,91,63,77
C3673FFD,87,97,53,81
C397454A,42,89,90,101
C3A69832,87,75,78,84
C3B5FA40,0,61,84,114
C3D2C3FA,61,47,94,101
C3E2D0F0,61,61,84,114
C47E41BD,95,98,37,83
C47ED374,85,97,51,86
C480414F,88,85,53,69
C4884196,85,98,42,58
C48C96C2,87,97,78,86
C4B105BF,43,44,96,101
C4D4754F,87,84,37,80
C4DFCB03,95,98,53,86
C4F4B9B9,97,93,34,78
C5044605,82,89,51,59
C547967E,85,98,48,65
C59215A7,85,94,47,83
C5AD57F8,87,97,78,86
C5E165AB,95,97,51,83
C6084234,82,89,38,60
C6117E16,87,77,78,86
C63812CD,95,94,36,81
C672F9CD,85,85,60,84
C67314AE,5,51,93,85
C67553D7,85,97,51,81
C6764F86,88,98,53,66
C6B23110,88,98,47,60
C6D07BF2,96,119,41,56
C6E390ED,42,89,78,112
C712192E,87,84,32,69
C730929C,76,87,47,60
C73376CD,95,98,42,86
C734B034,87,97,51,81
C75EE61B,87,99,78,101
C76ACCE8,88,98,56,75
C7AF779D,88,98,48,66
C7E6EC92,85,99,86,77
C7EC3E54,85,97,51,83
C8082767,87,75,78,101
C83830A0,95,97,51,83
C84F1D99,87,98,78,80
C85C5669,76,89,51,112
C85FC5F9,76,97,51,86
C8856904,87,97,78,86
C89D1B34,98,85,34,84
C8A078BC,85,99,51,81
C8A8B2C9,87,85,47,83
C8A9DB37,87,85,53,86
C8B64404,85,97,53,81
C8C2F8A3,87,89,78,77
C8C695BD,76,99,51,86
C8DE0A5B,87,98,51,86
C91383EA,88,84,63,77
C9138871,85,99,86,77
C91DE4CB,87,97,78,81
C92B26AF,87,98,48,86
C9428B86,88,91,63,47
C9465B00,76,97,51,86
C961D1CB,5,51,94,144
C9803330,96,98,46,75
C9B74E21,85,98,47,83
CA14B296,70,89,61,84
CA4383E1,85,118,42,81
CA49AC74,88,98,46,66
CA70BA1D,97,85,34,84
CA892534,88,85,53,66
CA93753F,88,98,46,75
CAA49169,76,97,51,86
CAAD45A1,87,97,53,81
CAD706B9,88,119,59,66
CB43C2D3,88,75,73,101
CB502048,96,125,30,64
CB57C29A,87,85,53,56
CB7FFB25,87,97,78,86
CB95B43A,42,89,78,112
CBD71E75,85,99,78,77
CBDB0204,87,97,51,81
CC029777,80,97,53,81
CC1165D4,76,97,51,86
CC38D318,76,97,51,86
CC434190,87,69,80,101
CC46FA58,87,89,74,41
CC65A992,97,84,34,78
CC6E7472,87,97,78,86
CC9185BA,85,98,47,81
CCAB4410,95,97,51,86
CCC58426,87,97,47,81
CCD2C54F,85,85,53,81
CCE7AB49,85,97,51,81
CD18C688,96,98,46,60
CD299D85,96,125,33,75
CD3D98E5,88,85,53,69
CD746DD4,85,97,47,81
CD8765AE,88,98,37,66
CD87C69D,87,97,47,81
CD88AF69,99,100,93,84
CD948E79,97,93,34,69
CDCA31C0,79,97,37,85
CDE4A1E3,87,89,78,86
CDEA0338,76,97,51,86
CE1379E6,85,98,53,78
CE3DC7FF,82,99,51,59
CE7ED0AA,87,85,93,84
CEA3483E,87,97,51,86
CEB4E6A0,87,98,78,86
CEC20FA7,46,89,90,101
CECF6010,76,89,78,86
CED47F9F,88,85,36,57
CEE3F27F,42,89,78,112
CEE6FF63,56,47,94,84
CF0370A6,85,94,47,60
CF18869B,88,98,46,40
CF417683,62,97,78,86
CF4D2419,87,97,51,86
CF8825FE,88,85,53,77
CF944985,87,89,78,86
CFAD2322,95,97,37,58
CFAEF0CA,88,97,53,76
CFB174AB,76,99,51,86
CFB9DB9D,88,89,90,75
CFD67688,95,97,37,58
CFDDCFAE,42,89,78,112
CFFA1362,42,89,78,112
D01DA3F0,42,89,78,112
D02C15C1,73,89,78,112
D03D05C6,88,98,47,60
D069C6EF,87,97,78,86
D0D3ECFF,88,91,46,93
D0D55C30,88,85,78,86
D1142FDF,87,85,78,77
D1187DD3,95,97,37,58
D1666DD2,88,98,44,40
D1717BD3,76,98,51,86
D1AD3D4F,76,99,51,83
D2033745,76,89,46,89
D2D8150A,63,91,63,93
D2E9F153,95,97,51,83
D2F43AC2,76,97,78,112
D3160900,88,84,42,58
D31E486A,87,89,78,86
D351BBCD,79,97,78,85
D397BDA4,97,85,34,84
D3BAE027,85,97,51,86
D3C59C12,88,84,53,76
D3D42E4D,94,95,34,78
D4086865,96,98,46,75
D4534B29,87,98,48,86
D459DA5D,88,85,53,69
D47391FE,42,89,90,101
D47C63CA,87,97,78,101
D49728E9,87,85,53,86
D49E629F,87,77,78,84
D4AB371E,87,85,94,84
D4C43A12,79,97,81,102
D4C6615D,75,69,80,93
D4C91F23,76,89,51,86
D4D078C2,87,98,53,86
D4D5852C,42,89,90,112
D4DC43F6,87,97,51,81
D524DF90,70,72,65,88
D571026D,85,97,51,83
D5905277,82,89,60,82
D59540D2,70,89,67,77
D5C4ECF7,63,91,37,93
D607B333,73,89,90,98
D627C3BD,98,85,53,56
D62F6CE4,109,85,52,56
D64AB456,73,89,90,112
D6919A2A,96,67,33,59
D723856A,73,75,84,85
D7398FF2,87,99,78,81
D73AAE76,87,97,48,86
D74149F5,87,97,51,86
D74973CA,42,89,90,101
D7AB8120,87,97,51,83
D7BAF558,85,96,47,60
D7D2A820,87,85,59,81
D7FF9AE4,87,97,78,86
D818E9F5,85,115,46,60
D81FC321,87,97,78,84
D82B382C,93,98,37,75
D83ED018,5,47,94,101
D8551A97,87,85,72,84
D856172A,61,51,93,85
D860F657,76,99,51,77
D883CF8F,87,89,78,86
D8977EBC,59,67,61,60
D89DEBB0,87,89,78,86
D8B55C44,82,97,37,93
D8D2A905,80,85,47,81
D9295E38,88,97,53,56
D92C316B,87,85,53,81
D932962E,42,47,84,101
D93C47B5,87,84,36,69
D947A79B,88,98,46,78
D95D43ED,94,67,61,78
D989C73E,87,89,78,86
D9A0D12D,98,85,53,46
D9B53505,87,99,51,80
D9C365EF,87,89,78,86
D9D03972,42,89,90,112
D9D51468,75,99,51,86
DA40919E,85,99,48,81
DA6A2C27,87,97,78,77
DA916D3F,87,86,80,80
DA9A91F5,87,89,78,86
DAB937A2,85,97,47,81
DAC81FDE,85,89,51,98
DAEEC113,95,97,37,80
DAF9EEF1,93,98,37,56
DB2E31F1,59,61,87,101
DB40F7ED,87,97,51,83
DB46330E,59,89,63,47
DB89BA6E,59,47,57,88
DBCFF711,88,85,48,86
DBE4A039,88,98,53,78
DBFA40AD,76,99,51,86
DBFC80FE,62,97,78,80
DC0E822E,87,89,78,86
DC2B2502,87,89,78,86
DCBB1657,85,97,47,81
DCBDF744,62,97,78,86
DCCCC91D,94,95,34,78
DCE306BC,87,97,78,86
DCE3D8A2,71,89,51,59
DCF19A3F,56,89,69,59
DCFAD960,61,97,93,85
DD1C5691,95,98,42,75
DD221D33,87,97,48,86
DD4463FC,93,119,52,56
DD6E327A,76,97,51,86
DD7493CB,88,98,42,60
DD86AC55,73,61,84,101
DDC94296,76,99,51,83
DE5F432E,87,85,94,84
DE854BF8,87,97,51,86
DEA63D2E,45,67,61,47
DEC0B907,75,97,37,83
DEC95A3E,87,89,78,86
DEEB7B8F,42,89,78,98
DF26FFAE,87,98,51,86
DF33AA5F,5,47,94,138
DF755BD7,95,97,37,80
DFAAAA89,87,99,53,81
DFBCB18C,61,61,84,101
DFF48512,95,98,48,83
E02ABB6C,85,94,47,81
E02B5FE8,87,89,74,41
E0545AD0,87,97,51,81
E05EB42A,95,97,37,83
E0C512FB,87,85,72,84
E0C90369,5,47,84,114
E0E12DE7,82,89,78,41
E0FFA14F,87,111,37,80
E13AD7D3,85,84,47,78
E14E3330,93,94,37,60
E1644226,76,89,46,91
E184E697,87,89,51,86
E1D2DA9F,87,97,78,84
E20C6AC2,87,97,36,83
E22E3E61,85,84,53,76
E237012D,88,91,63,66
E251184B,87,47,75,84
E27280A2,76,99,51,83
E276997C,46,61,84,101
E2AD9A15,85,99,51,81
E2F729B2,85,99,53,78
E33DD6E3,87,89,86,77
E3FF991F,100,100,94,84
E44F9AC1,82,89,78,86
E45B071E,61,97,93,85
E469AD4D,42,89,78,112
E486BE92,45,89,51,59
E4A8DFE4,87,84,78,86
E4C189F0,93,98,47,60
E4E50C49,85,93,37,83
E4EAC4AC,76,99,51,81
E4EB522A,87,85,94,84
E533C4C9,87,86,80,80
E564FB78,62,97,78,85
E567E7F9,95,97,51,83
E57220C0,87,97,53,81
E5CEBBB1,79,97,78,102
E5D94253,79,97,72,81
E5F18EE3,42,89,78,86
E5FE4A11,95,98,42,54
E606D388,82,99,78,81
E6088555,71,115,37,59
E60BD0F6,88,85,53,76
E62AA56A,95,112,36,69
E67C17B8,95,119,37,58
E6A3F6CD,82,115,46,59
E6A41805,88,98,48,91
E6A57EA0,76,97,51,86
E6B587E0,94,93,37,54
E6B63467,98,85,36,84
E6CEF7E5,42,75,84,101
E6E29AED,87,98,78,86
E718B357,73,89,84,98
E71EF549,62,97,78,86
E741F8D5,87,97,48,86
E780EE5E,98,85,53,81
E830C326,87,89,74,86
E8320067,85,99,39,81
E8495FBF,88,119,42,56
E8538C05,95,97,37,83
E8741DDA,97,85,36,81
E88D5FA0,87,89,61,84
E8BC806C,75,97,51,83
E8C9BEBC,76,99,51,83
E8DC4D6A,42,89,78,101
E8E258FC,95,98,42,75
E8F06072,76,99,51,86
E9145CB9,105,85,53,86
E918FEAF,88,85,53,56
E92F8A62,85,97,53,81
E971C5CF,87,97,47,81
E978B4AE,87,89,78,112
E9AEA629,87,98,46,81
E9EE27A3,88,91,63,66
E9F59646,42,89,90,101
EA077F1B,82,89,60,77
EA2D00B4,88,98,37,56
EA406BA5,95,98,37,54
EA8630F7,94,90,37,93
EAA1F9B1,87,89,78,86
EAA8843B,93,98,37,56
EB3C37FE,87,89,78,86
EB73FD6E,5,51,93,138
EB7B79CC,59,100,57,84
EB99E662,76,89,51,86
EBAAEC0E,76,97,78,86
EBB72DB5,75,97,71,85
EC174B2A,87,107,60,84
EC2C445A,88,98,37,40
EC585177,94,95,63,78
EC5CB8AB,87,98,78,86
ED044BD0,61,42,84,101
ED100406,94,95,61,78
ED7C80BB,97,85,34,84
ED82D2BC,88,90,37,83
ED8A3906,95,97,37,83
ED90878F,56,89,90,84
ED93100D,42,89,78,112
ED970E5B,87,47,94,84
EDB78E07,85,97,53,77
EDC0F2C6,88,84,37,58
EDECAB6E,5,51,94,84
EDF475A4,17,51,94,144
EE1C1BE1,76,97,51,86
EE630D03,87,97,42,81
EEA85897,87,97,51,86
EEBA1B0C,85,97,47,83
EED5D90B,88,98,61,60
EF1CCB69,88,98,42,40
EF2249DB,61,85,94,84
EF3526AC,88,84,47,69
EF624C08,42,89,78,86
EFA46A0A,88,97,59,66
EFFFE80F,87,98,78,86
F003848C,76,97,51,83
F00FF4F6,76,99,51,59
F03531EA,95,98,37,58
F05C9067,87,89,51,81
F05F678C,87,84,51,80
F077F30D,46,89,90,98
F07D9F57,95,98,48,56
F094DA63,97,47,34,84
F095F955,97,44,34,101
F09CDB9F,73,89,90,77
F0AA1A0C,87,97,51,86
F0B543B1,63,91,63,73
F19F7276,82,89,75,59
F1EC5A5E,62,97,78,112
F21192C4,95,119,42,58
F23479AC,87,75,94,84
F2BCEE6A,71,92,51,84
F2CF5AE3,87,97,78,86
F2E4929A,76,97,51,86
F32E8C2C,87,89,78,86
F33A39EC,42,89,78,112
F3755374,72,115,46,60
F3C3F00F,88,84,63,101
F42C7ECC,76,97,51,86
F43CA434,87,99,78,86
F441D31B,88,84,42,58
F46313D3,87,107,47,83
F483E869,88,85,53,56
F4CD62F3,34,47,84,101
F4D66974,61,51,93,138
F4F1FA0A,76,97,51,83
F524336E,87,97,51,81
F576A894,88,98,47,60
F583D09E,87,97,78,112
F58650AD,93,98,37,66
F5B0AB72,88,98,53,56
F5CDE434,5,51,94,124
F606101A,76,97,78,86
F68B3D22,87,97,78,86
F6A43E44,87,97,53,81
F6A8DD00,88,91,63,77
F7245C5F,95,97,51,83
F7445BFC,85,99,47,81
F7B15D9E,88,85,53,77
F7DD65AE,88,98,37,66
F8056778,95,119,37,56
F8057916,94,85,34,78
F84638DB,88,98,37,80
F882D454,85,98,46,69
F8B885AF,88,85,53,69
F8BD4B3E,88,85,78,77
F8E76836,87,75,78,84
F92CB9E8,88,85,48,81
F94F600C,87,97,78,86
F966A1AC,76,89,78,112
F9721688,77,98,47,60
F9D3BBF5,95,97,51,83
F9EB2222,56,89,86,101
FA59EEE2,95,93,37,56
FA5F7604,61,42,93,85
FA78C187,88,98,48,66
FA87E753,42,89,78,86
FA9307D6,85,97,48,86
FA96D10F,87,97,48,86
FB03C6EC,17,51,94,84
FB04C2AA,63,75,63,77
FB122CCC,73,89,90,112
FB21E5FA,87,87,48,86
FB35D5EC,76,89,51,86
FB66D7FD,85,89,46,74
FB83C812,5,41,93,138
FBB3B02B,85,99,39,81
FBD76925,76,99,78,86
FBE1CF65,87,97,53,86
FBE3CCCA,91,98,61,60
FC34C325,43,44,80,101
FCA93BA4,87,85,53,81
FCAA3A86,87,97,51,85
FCCBC570,87,97,51,86
FCFE9161,42,89,78,112
FD20CF14,81,95,62,78
FD37A39D,95,98,37,83
FD37B3CF,94,86,37,80
FD5E7368,76,89,78,86
FD746AE7,87,89,78,86
FD7C62F2,42,89,78,86
FD7D045A,82,89,51,59
FD8C7552,87,85,53,86
FD9D272B,97,85,34,77
FDA39280,85,85,53,69
FDA90D45,68,44,78,101
FDB5337E,87,85,36,69
FE00066C,87,97,78,84
FEA23D53,46,89,90,101
FEA397D2,88,91,37,40
FEAE491D,88,98,48,66
FEB02FBE,88,73,61,60
FEB5B3A0,87,85,72,81
FEBF99E4,88,85,53,86
FF06175B,69,98,38,91
FFC41FD8,87,97,78,81
FFFCFE89,76,97,51,86
